MHC,AUC,Method
A0101,0.978,Star-Transformer
A0201,0.97,Star-Transformer
A0203,0.852,Star-Transformer
A0206,0.692,Star-Transformer
A0207,0.654,Star-Transformer
A0301,0.98,Star-Transformer
A1101,0.983,Star-Transformer
A2402,0.948,Star-Transformer
A2601,0.996,Star-Transformer
A3001,0.981,Star-Transformer
A3101,0.733,Star-Transformer
A3303,0.589,Star-Transformer
A6801,1,Star-Transformer
B0702,0.993,Star-Transformer
B0801,0.978,Star-Transformer
B1402,0.934,Star-Transformer
B1501,0.989,Star-Transformer
B1801,0.995,Star-Transformer
B2705,0.869,Star-Transformer
B3501,0.944,Star-Transformer
B3901,0.996,Star-Transformer
B4001,0.862,Star-Transformer
B4402,0.979,Star-Transformer
B4403,0.998,Star-Transformer
B5101,0.971,Star-Transformer
B5701,0.791,Star-Transformer
B5801,0.984,Star-Transformer
C0701,0.91,Star-Transformer
C0802,0.955,Star-Transformer
A0101,0.975,NetMHCpan4.1
A0201,0.964,NetMHCpan4.1
A0203,0.87,NetMHCpan4.1
A0206,0.65,NetMHCpan4.1
A0207,0.644,NetMHCpan4.1
A0301,0.975,NetMHCpan4.1
A1101,0.97,NetMHCpan4.1
A2402,0.966,NetMHCpan4.1
A2601,0.994,NetMHCpan4.1
A3001,1,NetMHCpan4.1
A3101,0.8,NetMHCpan4.1
A3303,0.474,NetMHCpan4.1
A6801,1,NetMHCpan4.1
B0702,0.992,NetMHCpan4.1
B0801,0.963,NetMHCpan4.1
B1402,0.926,NetMHCpan4.1
B1501,0.991,NetMHCpan4.1
B1801,0.997,NetMHCpan4.1
B2705,0.918,NetMHCpan4.1
B3501,0.995,NetMHCpan4.1
B3901,0.996,NetMHCpan4.1
B4001,0.862,NetMHCpan4.1
B4402,0.986,NetMHCpan4.1
B4403,0.999,NetMHCpan4.1
B5101,0.892,NetMHCpan4.1
B5701,0.623,NetMHCpan4.1
B5801,0.994,NetMHCpan4.1
C0701,0.863,NetMHCpan4.1
C0802,0.94,NetMHCpan4.1
